condition,backbone,accuracy,macro_f1,mean_max_confidence,prediction_consistency,cosine_stability
grayscale,resnet50,0.968,0.9682427818489542,0.8894613311655096,0.968,0.8069759796493637
grayscale,vit_b16,0.96,0.9599951985594718,0.9376263742622626,0.966,0.7411202231744137
grayscale,clip_vit_b32,0.954,0.9534759817500882,0.19579763432913422,0.964,0.8833105691531061
grayscale,clip_vit_b32_zero_shot,0.928,0.9259583774714347,0.9240206306559032,0.946,0.8833105691531061
hue,resnet50,0.94,0.9402249045738644,0.8734561453502524,0.942,0.7626631188394207
hue,vit_b16,0.968,0.9678611317398943,0.9220752513795364,0.97,0.7124269277168198
hue,clip_vit_b32,0.956,0.9559807180579446,0.18756592107546577,0.958,0.8820572310273941
hue,clip_vit_b32_zero_shot,0.93,0.9284009547647429,0.9199858576731115,0.948,0.8820572310273941
shuffle,resnet50,0.9,0.9017877388443033,0.8656715466768666,0.908,0.6941158532490669
shuffle,vit_b16,0.912,0.9123892065523229,0.8511438932164438,0.912,0.6330829682607664
shuffle,clip_vit_b32,0.798,0.7983307666813008,0.15352604699399516,0.796,0.7519916664811965
shuffle,clip_vit_b32_zero_shot,0.782,0.7826119623904961,0.7669124851410164,0.78,0.7519916664811965
translate_left_8,resnet50,0.978,0.9781350483187575,0.8808275367918376,0.984,0.9723670449655181
translate_left_8,vit_b16,0.974,0.9739965991797259,0.9436762213421881,0.986,0.9483295002820427
translate_left_8,clip_vit_b32,0.966,0.9659432774863508,0.20562550183442943,0.97,0.9778911059502541
translate_left_8,clip_vit_b32_zero_shot,0.93,0.9276885521526019,0.9343345279533553,0.96,0.9778911059502541
translate_right_8,resnet50,0.98,0.9800630540226336,0.879826582289834,0.988,0.9673014304538983
translate_right_8,vit_b16,0.978,0.9779767849534053,0.9426588403351667,0.988,0.948718245930703
translate_right_8,clip_vit_b32,0.98,0.9799546408772045,0.20590155517287292,0.976,0.977259731370727
translate_right_8,clip_vit_b32_zero_shot,0.936,0.9339715941590689,0.9332935985013958,0.958,0.977259731370727
translate_up_8,resnet50,0.978,0.9780146240314307,0.8836221221242121,0.984,0.9664544492826033
translate_up_8,vit_b16,0.984,0.984036226671887,0.9462752483594481,0.984,0.9410622660583786
translate_up_8,clip_vit_b32,0.978,0.9777565726341635,0.20622518225094563,0.988,0.9769854387550979
translate_up_8,clip_vit_b32_zero_shot,0.946,0.9447254997177673,0.9348602016922185,0.962,0.9769854387550979
translate_down_8,resnet50,0.974,0.974070533425445,0.8828031312265773,0.99,0.9661497505764443
translate_down_8,vit_b16,0.988,0.988034860663889,0.9464232567473434,0.988,0.9431837846337436
translate_down_8,clip_vit_b32,0.966,0.9658496617628994,0.20646448634107056,0.966,0.9770758686850074
translate_down_8,clip_vit_b32_zero_shot,0.938,0.9356836964020687,0.9337841812391037,0.97,0.9770758686850074
translate_left_16,resnet50,0.972,0.9721642412278904,0.8781401874165847,0.99,0.9580517313040321
translate_left_16,vit_b16,0.982,0.9820369792081248,0.9434703425222326,0.998,0.9760356402401316
translate_left_16,clip_vit_b32,0.956,0.9557499461294029,0.20182836717581903,0.958,0.9598695663766141
translate_left_16,clip_vit_b32_zero_shot,0.932,0.9300838725019437,0.927994726462017,0.954,0.9598695663766141
translate_right_16,resnet50,0.978,0.9778849299978543,0.873943847521127,0.992,0.9460347504299272
translate_right_16,vit_b16,0.976,0.975948249144895,0.9440192454489863,0.992,0.9749621944447712
translate_right_16,clip_vit_b32,0.962,0.9618672940858449,0.20226988022099715,0.966,0.9621723913936301
translate_right_16,clip_vit_b32_zero_shot,0.928,0.9268026419047262,0.9253348594211438,0.956,0.9621723913936301
translate_up_16,resnet50,0.98,0.9799781978197821,0.8846730417752176,0.994,0.9539514453530431
translate_up_16,vit_b16,0.98,0.9799765849334033,0.9456840822650029,0.99,0.976844819347961
translate_up_16,clip_vit_b32,0.964,0.9638794549992447,0.20308477114834703,0.966,0.9643191331458052
translate_up_16,clip_vit_b32_zero_shot,0.944,0.9424615561023313,0.9317948445660302,0.96,0.9643191331458052
translate_down_16,resnet50,0.978,0.9780552403379593,0.8806575400160639,0.994,0.9506453774057186
translate_down_16,vit_b16,0.98,0.9799965869336035,0.9471047531969504,0.994,0.9754859622371463
translate_down_16,clip_vit_b32,0.964,0.964018480186277,0.20407024579286634,0.966,0.9663205394106725
translate_down_16,clip_vit_b32_zero_shot,0.94,0.9386186624427033,0.9317913365785516,0.96,0.9663205394106725
translate_left_32,resnet50,0.964,0.9640001752452229,0.8725209128135236,0.97,0.933106264954932
translate_left_32,vit_b16,0.98,0.9800728879960339,0.9373946622163272,0.994,0.9460426370014867
translate_left_32,clip_vit_b32,0.952,0.9518279785392849,0.19767707435025086,0.96,0.9583108772127523
translate_left_32,clip_vit_b32_zero_shot,0.926,0.9245329283392045,0.9122573467007506,0.95,0.9583108772127523
translate_right_32,resnet50,0.966,0.9659487297891406,0.86995076435124,0.976,0.9229488025976018
translate_right_32,vit_b16,0.97,0.9698897620854524,0.9391967560069576,0.986,0.94680823756482
translate_right_32,clip_vit_b32,0.958,0.9573201732217909,0.19831777195963537,0.972,0.9605358088748772
translate_right_32,clip_vit_b32_zero_shot,0.916,0.9126218513445636,0.9192777596608737,0.954,0.9605358088748772
translate_up_32,resnet50,0.972,0.9720546508782046,0.8764451848316441,0.99,0.934157769265486
translate_up_32,vit_b16,0.978,0.9779963869136015,0.9381718382354246,0.988,0.9408315613083087
translate_up_32,clip_vit_b32,0.958,0.9574264610096506,0.20032447967398054,0.972,0.9728860793209262
translate_up_32,clip_vit_b32_zero_shot,0.926,0.9229302662003895,0.9196470644743011,0.956,0.9728860793209262
translate_down_32,resnet50,0.98,0.9799273355623423,0.8741536510968674,0.984,0.9310004130140989
translate_down_32,vit_b16,0.976,0.9760142239914267,0.9428166421661183,0.99,0.9392725500131973
translate_down_32,clip_vit_b32,0.956,0.9554869346700972,0.19915730419490435,0.974,0.9719767095703017
translate_down_32,clip_vit_b32_zero_shot,0.928,0.9249994533701485,0.9224068451433126,0.97,0.9719767095703017
clean,resnet50,0.982,0.9819769849734072,0.8840730131619413,1.0,1.0
clean,vit_b16,0.984,0.9840164006796837,0.9483633791502097,1.0,1.0
clean,clip_vit_b32,0.976,0.9756669958906204,0.20734733045365356,1.0,1.0
clean,clip_vit_b32_zero_shot,0.948,0.945935498445888,0.9343986711963008,1.0,1.0
